{
  "results": {
    "adam": {
      "0": {
        "3": {
          "train": 5.760575294494629,
          "test": 5.0708770751953125,
          "total_time": 0.48270201683044434,
          "time_per_epoch": 0.04827020168304443,
          "num_params": 180,
          "dense_mse_final": 46.44704818725586
        },
        "5": {
          "train": 8.843135833740234,
          "test": 8.330460548400879,
          "total_time": 0.1406722068786621,
          "time_per_epoch": 0.01406722068786621,
          "num_params": 210,
          "dense_mse_final": 44.55073928833008
        },
        "10": {
          "train": 9.356888771057129,
          "test": 6.7654337882995605,
          "total_time": 0.15627694129943848,
          "time_per_epoch": 0.01562769412994385,
          "num_params": 285,
          "dense_mse_final": 45.83645248413086
        },
        "20": {
          "train": 7.066052436828613,
          "test": 6.869758605957031,
          "total_time": 0.20026111602783203,
          "time_per_epoch": 0.020026111602783205,
          "num_params": 435,
          "dense_mse_final": 45.58455276489258
        },
        "50": {
          "train": 6.821175575256348,
          "test": 6.603974342346191,
          "total_time": 0.26361799240112305,
          "time_per_epoch": 0.026361799240112303,
          "num_params": 885,
          "dense_mse_final": 44.71100616455078
        },
        "100": {
          "train": 5.206489086151123,
          "test": 5.549718379974365,
          "total_time": 0.44996213912963867,
          "time_per_epoch": 0.044996213912963864,
          "num_params": 1635,
          "dense_mse_final": 45.58739471435547
        },
        "total_dataset_time": 1.6935458183288574
      },
      "1": {
        "3": {
          "train": 2.514862060546875,
          "test": 3.2098731994628906,
          "total_time": 0.12411785125732422,
          "time_per_epoch": 0.012411785125732423,
          "num_params": 180,
          "dense_mse_final": 7.870967388153076
        },
        "5": {
          "train": 4.512721538543701,
          "test": 2.4511470794677734,
          "total_time": 0.15787601470947266,
          "time_per_epoch": 0.015787601470947266,
          "num_params": 210,
          "dense_mse_final": 7.7477874755859375
        },
        "10": {
          "train": 1.5279537439346313,
          "test": 1.5478854179382324,
          "total_time": 0.17090797424316406,
          "time_per_epoch": 0.017090797424316406,
          "num_params": 285,
          "dense_mse_final": 7.971066474914551
        },
        "20": {
          "train": 2.1887314319610596,
          "test": 2.4393084049224854,
          "total_time": 0.22038888931274414,
          "time_per_epoch": 0.022038888931274415,
          "num_params": 435,
          "dense_mse_final": 7.75495719909668
        },
        "50": {
          "train": 1.946679949760437,
          "test": 2.1470377445220947,
          "total_time": 0.2932159900665283,
          "time_per_epoch": 0.02932159900665283,
          "num_params": 885,
          "dense_mse_final": 7.720142364501953
        },
        "100": {
          "train": 2.372594118118286,
          "test": 2.4093916416168213,
          "total_time": 0.46672606468200684,
          "time_per_epoch": 0.046672606468200685,
          "num_params": 1635,
          "dense_mse_final": 8.107864379882812
        },
        "total_dataset_time": 1.4332900047302246
      },
      "2": {
        "3": {
          "train": 157.67562866210938,
          "test": 155.91505432128906,
          "total_time": 0.12652277946472168,
          "time_per_epoch": 0.012652277946472168,
          "num_params": 180,
          "dense_mse_final": 8573.32421875
        },
        "5": {
          "train": 156.88699340820312,
          "test": 155.63265991210938,
          "total_time": 0.1609961986541748,
          "time_per_epoch": 0.01609961986541748,
          "num_params": 210,
          "dense_mse_final": 8311.7080078125
        },
        "10": {
          "train": 150.40182495117188,
          "test": 148.23045349121094,
          "total_time": 0.1833662986755371,
          "time_per_epoch": 0.01833662986755371,
          "num_params": 285,
          "dense_mse_final": 8558.34375
        },
        "20": {
          "train": 93.00748443603516,
          "test": 93.5853271484375,
          "total_time": 0.25801706314086914,
          "time_per_epoch": 0.025801706314086913,
          "num_params": 435,
          "dense_mse_final": 8557.7490234375
        },
        "50": {
          "train": 55.654815673828125,
          "test": 57.15169143676758,
          "total_time": 0.2968759536743164,
          "time_per_epoch": 0.02968759536743164,
          "num_params": 885,
          "dense_mse_final": 7933.55908203125
        },
        "100": {
          "train": 58.223758697509766,
          "test": 64.98973083496094,
          "total_time": 0.4742300510406494,
          "time_per_epoch": 0.04742300510406494,
          "num_params": 1635,
          "dense_mse_final": 8711.90625
        },
        "total_dataset_time": 1.5000660419464111
      },
      "3": {
        "3": {
          "train": 8.376773834228516,
          "test": 9.148134231567383,
          "total_time": 0.11785697937011719,
          "time_per_epoch": 0.01178569793701172,
          "num_params": 180,
          "dense_mse_final": 221.0191192626953
        },
        "5": {
          "train": 9.92302131652832,
          "test": 9.1555814743042,
          "total_time": 0.15049099922180176,
          "time_per_epoch": 0.015049099922180176,
          "num_params": 210,
          "dense_mse_final": 226.96119689941406
        },
        "10": {
          "train": 10.713428497314453,
          "test": 9.88139533996582,
          "total_time": 0.17773723602294922,
          "time_per_epoch": 0.01777372360229492,
          "num_params": 285,
          "dense_mse_final": 229.12393188476562
        },
        "20": {
          "train": 4.655447483062744,
          "test": 4.217945098876953,
          "total_time": 0.22764015197753906,
          "time_per_epoch": 0.022764015197753906,
          "num_params": 435,
          "dense_mse_final": 217.25152587890625
        },
        "50": {
          "train": 10.31989860534668,
          "test": 10.88746452331543,
          "total_time": 0.30300164222717285,
          "time_per_epoch": 0.030300164222717287,
          "num_params": 885,
          "dense_mse_final": 213.31822204589844
        },
        "100": {
          "train": 5.455708026885986,
          "test": 6.070444583892822,
          "total_time": 0.4818549156188965,
          "time_per_epoch": 0.04818549156188965,
          "num_params": 1635,
          "dense_mse_final": 261.3717041015625
        },
        "total_dataset_time": 1.4586372375488281
      }
    },
    "lm": {
      "0": {
        "3": {
          "train": 215528.78125,
          "test": 213111.609375,
          "total_time": 0.1635739803314209,
          "time_per_epoch": 0.01635739803314209,
          "num_params": 180,
          "dense_mse_final": 4230357760.0
        },
        "5": {
          "train": 213939.6875,
          "test": 211577.703125,
          "total_time": 0.20595932006835938,
          "time_per_epoch": 0.02059593200683594,
          "num_params": 210,
          "dense_mse_final": 7018353152.0
        },
        "10": {
          "train": 148437440.0,
          "test": 222104.0625,
          "total_time": 0.21651387214660645,
          "time_per_epoch": 0.021651387214660645,
          "num_params": 285,
          "dense_mse_final": 4165609984.0
        },
        "20": {
          "train": 221237.984375,
          "test": 222296.1875,
          "total_time": 0.2640111446380615,
          "time_per_epoch": 0.026401114463806153,
          "num_params": 435,
          "dense_mse_final": 5612618752.0
        },
        "50": {
          "train": 224133.5,
          "test": 475719.4375,