{
  "results": {
    "expert_losses": [
      0.06966978311538696,
      0.06966978311538696,
      0.06966978311538696
    ],
    "ensemble_mse": 0.06966978311538696,
    "mean_uncertainty": 0.0,
    "std_uncertainty": 0.0
  },
  "meta": {
    "epochs": 20,
    "n_experts": 3,
    "device": "cpu",
    "grid": 5,
    "width": 16,
    "depth": 3
  }
}