{
  "results": {
    "expert_losses": [
      1.8072367906570435,
      1.8072367906570435
    ],
    "ensemble_mse": 1.8072367906570435,
    "mean_uncertainty": 0.0,
    "std_uncertainty": 0.0
  },
  "meta": {
    "epochs": 1,
    "n_experts": 2,
    "device": "cpu",
    "grid": 5,
    "width": 16,
    "depth": 3
  }
}