{
  "results": {
    "base": {
      "mse": 1.8072367906570435,
      "n_params": 5672
    },
    "pruned": {
      "mse": 1.843882441520691,
      "n_params": 5384
    }
  },
  "meta": {
    "epochs": 1,
    "device": "cpu"
  }
}