{
  "results": {
    "grid_3": {
      "mse": 0.5467004179954529,
      "n_params": 4962
    },
    "grid_5": {
      "mse": 0.4757671356201172,
      "n_params": 5672
    },
    "grid_10": {
      "mse": 1.1351563930511475,
      "n_params": 7447
    },
    "grid_20": {
      "mse": 1.6157821416854858,
      "n_params": 10997
    }
  },
  "meta": {
    "epochs": 1,
    "device": "cpu",
    "grids": [
      3,
      5,
      10,
      20
    ]
  }
}